<keymap version="1" name="Windows copy" parent="$default">
  <action id="$Redo">
    <keyboard-shortcut first-keystroke="shift ctrl z" />
    <keyboard-shortcut first-keystroke="shift alt back_space" />
    <keyboard-shortcut first-keystroke="ctrl y" />
  </action>
  <action id="ChangesView.Rename">
    <keyboard-shortcut first-keystroke="f2" />
  </action>
  <action id="CopyElement">
    <keyboard-shortcut first-keystroke="ctrl c" />
  </action>
  <action id="Debug">
    <keyboard-shortcut first-keystroke="f10" />
  </action>
  <action id="Editor Redo">
    <keyboard-shortcut first-keystroke="ctrl y" />
  </action>
  <action id="EditorDeleteLine">
    <keyboard-shortcut first-keystroke="ctrl comma" />
  </action>
  <action id="ExecuteInPyConsoleAction">
    <keyboard-shortcut first-keystroke="shift alt e" />
    <keyboard-shortcut first-keystroke="f9" />
  </action>
  <action id="FindNext">
    <keyboard-shortcut first-keystroke="f3" />
    <keyboard-shortcut first-keystroke="ctrl alt l" />
  </action>
  <action id="Git.Rename.Local.Branch">
    <keyboard-shortcut first-keystroke="f2" />
    <keyboard-shortcut first-keystroke="ctrl r" />
  </action>
  <action id="Git.Reword.Commit">
    <keyboard-shortcut first-keystroke="f2" />
  </action>
  <action id="ReformatCode">
    <keyboard-shortcut first-keystroke="ctrl l" />
  </action>
  <action id="RenameElement">
    <keyboard-shortcut first-keystroke="ctrl r" />
  </action>
  <action id="Replace">
    <keyboard-shortcut first-keystroke="ctrl f6" />
  </action>
  <action id="ReplaceInPath">
    <keyboard-shortcut first-keystroke="shift ctrl f6" />
  </action>
  <action id="Resume">
    <keyboard-shortcut first-keystroke="shift f9" />
  </action>
  <action id="Run">
    <keyboard-shortcut first-keystroke="f5" />
  </action>
  <action id="ShelvedChanges.Rename">
    <keyboard-shortcut first-keystroke="f2" />
    <keyboard-shortcut first-keystroke="ctrl r" />
  </action>
  <action id="Terminal.ClearBuffer">
    <keyboard-shortcut first-keystroke="ctrl alt l" />
  </action>
  <action id="Vcs.Log.FocusTextFilter">
    <keyboard-shortcut first-keystroke="ctrl alt l" />
  </action>
</keymap>